Commit made at Sat Jul 20 01:32:10 UTC 2024
Commit made at Sat Jul 20 01:39:37 UTC 2024 with sticker: ğŸ™ Be thankful.
Commit made at Sat Jul 20 02:17:32 UTC 2024 with sticker: 👀 Keep an eye on your goals.
Commit made at Sun Jul 21 01:20:46 UTC 2024 with sticker: 🔥 Stay passionate.
Commit made at Mon Jul 22 01:17:43 UTC 2024 with sticker: ğŸ˜ Happiness looks gorgeous on you.
Commit made at Tue Jul 23 01:15:39 UTC 2024 with sticker: ğŸ˜ Happiness looks gorgeous on you.
Commit made at Wed Jul 24 01:16:08 UTC 2024 with sticker: ğŸ™ Be thankful.
Commit made at Thu Jul 25 01:15:32 UTC 2024 with sticker: 👀 Keep an eye on your goals.
